"DW","round","Category","Dogs.with.collars","Dogs.without.collars","month_vax","year_vax","Dogs_vax"
"ilala_buguruni",5,"Urban",0,0,85,2017,16
"ilala_chanika",5,"Urban",15,0,85,2017,317
"ilala_gerezani",5,"Urban",2,0,85,2017,7
"ilala_gongolamboto",5,"Urban",8,0,85,2017,85
"ilala_ilala",5,"Urban",4,7,85,2017,18
"ilala_kimanga",5,"Urban",6,7,85,2017,320
"ilala_kinyerezi",5,"Urban",0,0,85,2017,391
"ilala_kipawa",5,"Urban",4,3,85,2017,320
"ilala_kitunda",5,"Urban",5,9,85,2017,744
"ilala_kivukoni",5,"Urban",1,0,85,2017,4
"ilala_kivule",5,"Urban",2,5,85,2017,518
"ilala_kiwalani",5,"Urban",0,2,85,2017,17
"ilala_majohe",5,"Urban",23,2,85,2017,258
"ilala_msongola",5,"Urban",12,12,85,2017,721
"ilala_pugu",5,"Urban",5,0,85,2017,308
"ilala_segerea",5,"Urban",9,7,85,2017,120
"ilala_tabata",5,"Urban",14,2,85,2017,125
"ilala_ukonga",5,"Urban",8,0,85,2017,106
"ilala_upangamagharibi",5,"Urban",1,0,85,2017,8
"ilala_upangamashariki",5,"Urban",3,0,85,2017,2
"ilala_vingunguti",5,"Urban",7,4,85,2017,14
"kibaha_bokomnemela",3,"Rural",11,5,48,2013,248
"kibaha_bokomnemela",4,"Rural",36,10,60,2014,217
"kibaha_bokomnemela",5,"Rural",21,5,83,2016,261
"kibaha_dutumi",4,"Rural",22,12,60,2014,301
"kibaha_dutumi",5,"Rural",44,28,83,2016,296
"kibaha_gwata",3,"Rural",83,27,48,2013,494
"kibaha_gwata",4,"Rural",36,12,60,2014,933
"kibaha_gwata",5,"Rural",88,50,83,2016,434
"kibaha_janga",3,"Rural",20,25,48,2013,343
"kibaha_janga",4,"Rural",67,19,60,2014,419
"kibaha_janga",5,"Rural",73,13,83,2016,372
"kibaha_kikongo",3,"Rural",16,3,48,2013,173
"kibaha_kikongo",4,"Rural",43,18,60,2014,256
"kibaha_kikongo",5,"Rural",23,9,83,2016,223
"kibaha_kilangalanga",3,"Rural",28,1,48,2013,326
"kibaha_kilangalanga",4,"Rural",39,15,60,2014,451
"kibaha_kilangalanga",5,"Rural",40,15,83,2016,373
"kibaha_kwala",3,"Rural",36,7,48,2013,528
"kibaha_kwala",4,"Rural",46,24,60,2014,552
"kibaha_magindu",3,"Rural",132,36,48,2013,552
"kibaha_magindu",4,"Rural",46,18,60,2014,843
"kibaha_magindu",5,"Rural",61,24,83,2016,509
"kibaha_mlandizi",3,"Rural",67,16,48,2013,518
"kibaha_mlandizi",4,"Rural",87,47,60,2014,648
"kibaha_mlandizi",5,"Rural",37,14,83,2016,677
"kibaha_ruvu",3,"Rural",13,0,48,2013,442
"kibaha_ruvu",4,"Rural",75,32,60,2014,472
"kibaha_soga",4,"Rural",15,9,60,2014,134
"kibaha_soga",5,"Rural",15,13,83,2016,221
"kibahaurban_kibaha",3,"Urban",25,6,47,2013,252
"kibahaurban_kibaha",4,"Urban",16,5,60,2014,247
"kibahaurban_kibaha",5,"Urban",22,17,84,2016,251
"kibahaurban_kongowe",3,"Urban",41,15,47,2013,499
"kibahaurban_kongowe",4,"Urban",51,15,60,2014,397
"kibahaurban_kongowe",5,"Urban",52,38,84,2016,546
"kibahaurban_mailimoja",3,"Urban",104,32,47,2013,402
"kibahaurban_mailimoja",4,"Urban",32,16,60,2014,587
"kibahaurban_mailimoja",5,"Urban",26,14,84,2016,784
"kibahaurban_mbwawa",3,"Urban",37,9,47,2013,172
"kibahaurban_mbwawa",4,"Urban",26,11,60,2014,154
"kibahaurban_mbwawa",5,"Urban",26,7,84,2016,148
"kibahaurban_misugusugu",3,"Urban",37,9,47,2013,231
"kibahaurban_misugusugu",4,"Urban",27,11,60,2014,242
"kibahaurban_misugusugu",5,"Urban",43,16,84,2016,462
"kibahaurban_mkuza",3,"Urban",38,16,47,2013,482
"kibahaurban_mkuza",4,"Urban",41,12,60,2014,470
"kibahaurban_mkuza",5,"Urban",23,9,84,2016,391
"kibahaurban_msangani",3,"Urban",142,25,47,2013,204
"kibahaurban_msangani",4,"Urban",26,9,60,2014,212
"kibahaurban_msangani",5,"Urban",38,17,84,2016,296
"kibahaurban_pangani",3,"Urban",102,20,47,2013,320
"kibahaurban_pangani",4,"Urban",16,17,60,2014,310
"kibahaurban_pangani",5,"Urban",47,16,84,2016,601
"kibahaurban_pichayandege",4,"Urban",24,15,60,2014,434
"kibahaurban_pichayandege",5,"Urban",15,15,84,2016,132
"kibahaurban_tumbi",3,"Urban",107,25,47,2013,341
"kibahaurban_tumbi",4,"Urban",38,15,60,2014,427
"kibahaurban_tumbi",5,"Urban",37,13,84,2016,379
"kibahaurban_visiga",3,"Urban",27,28,47,2013,218
"kibahaurban_visiga",4,"Urban",44,17,60,2014,204
"kibahaurban_visiga",5,"Urban",25,17,84,2016,252
"kilombero_chisano",4,"Rural",17,15,61,2015,234
"kilombero_chisano",5,"Rural",41,23,83,2016,299
"kilombero_chita",4,"Rural",36,24,61,2015,1183
"kilombero_chita",5,"Rural",5,27,83,2016,935
"kilombero_idete",4,"Rural",71,48,61,2015,929
"kilombero_idete",5,"Rural",52,33,83,2016,929
"kilombero_ifakara",4,"Rural",40,12,61,2015,837
"kilombero_ifakara",5,"Rural",43,21,83,2016,523
"kilombero_kibaoni",4,"Rural",53,30,61,2015,958
"kilombero_kibaoni",5,"Rural",40,20,83,2016,1235
"kilombero_kiberege",4,"Rural",132,71,61,2015,659
"kilombero_kiberege",5,"Rural",40,7,83,2016,576
"kilombero_kidatu",4,"Rural",40,33,61,2015,804
"kilombero_kidatu",5,"Rural",22,13,83,2016,379
"kilombero_kisawasawa",4,"Rural",51,34,61,2015,336
"kilombero_kisawasawa",5,"Rural",0,0,83,2016,266
"kilombero_lumemo",4,"Rural",28,8,61,2015,823
"kilombero_lumemo",5,"Rural",56,24,83,2016,754
"kilombero_mangula",4,"Rural",60,38,61,2015,720
"kilombero_mangula",5,"Rural",35,7,83,2016,380
"kilombero_masagati",4,"Rural",4,10,61,2015,234
"kilombero_masagati",5,"Rural",18,14,83,2016,162
"kilombero_mbingu",4,"Rural",119,52,61,2015,839
"kilombero_mbingu",5,"Rural",123,60,83,2016,884
"kilombero_mchombe",4,"Rural",93,45,61,2015,1459
"kilombero_mchombe",5,"Rural",68,27,83,2016,1481
"kilombero_mkula",4,"Rural",100,40,61,2015,396
"kilombero_mkula",5,"Rural",8,6,83,2016,108
"kilombero_mlimba",4,"Rural",180,82,61,2015,1956
"kilombero_mlimba",5,"Rural",63,48,83,2016,2029
"kilombero_mofu",4,"Rural",3,4,61,2015,395
"kilombero_mofu",5,"Rural",22,14,83,2016,354
"kilombero_sanje",4,"Rural",62,20,61,2015,299
"kilombero_uchindile",4,"Rural",22,9,61,2015,482
"kilombero_uchindile",5,"Rural",26,17,83,2016,254
"kilombero_utengule",4,"Rural",79,55,61,2015,665
"kilombero_utengule",5,"Rural",6,7,83,2016,705
"kilwa_chumo",3,"Rural",28,7,55,2014,128
"kilwa_chumo",4,"Rural",55,17,69,2015,96
"kilwa_chumo",5,"Rural",41,6,83,2016,111
"kilwa_kandawale",3,"Rural",12,6,55,2014,107
"kilwa_kandawale",4,"Rural",14,4,69,2015,114
"kilwa_kandawale",5,"Rural",19,0,83,2016,41
"kilwa_kibata",3,"Rural",19,15,55,2014,77
"kilwa_kibata",5,"Rural",40,8,83,2016,116
"kilwa_kikole",3,"Rural",7,2,55,2014,58
"kilwa_kikole",4,"Rural",34,10,69,2015,38
"kilwa_kikole",5,"Rural",5,3,83,2016,60
"kilwa_kinjumbi",4,"Rural",17,9,69,2015,215
"kilwa_kinjumbi",5,"Rural",50,45,83,2016,209
"kilwa_kipatimu",3,"Rural",33,20,55,2014,134
"kilwa_kipatimu",5,"Rural",7,2,83,2016,225
"kilwa_kiranjeranje",3,"Rural",36,14,55,2014,311
"kilwa_kiranjeranje",4,"Rural",37,13,69,2015,469
"kilwa_kiranjeranje",5,"Rural",7,1,83,2016,609
"kilwa_kivinjesingino",3,"Rural",10,11,55,2014,113
"kilwa_kivinjesingino",4,"Rural",2,1,69,2015,114
"kilwa_kivinjesingino",5,"Rural",13,4,83,2016,234
"kilwa_lihimalyao",3,"Rural",40,37,55,2014,102
"kilwa_lihimalyao",5,"Rural",19,7,83,2016,84
"kilwa_likawage",3,"Rural",6,10,55,2014,64
"kilwa_likawage",4,"Rural",8,4,69,2015,11
"kilwa_mandawa",3,"Rural",12,12,55,2014,60
"kilwa_mandawa",4,"Rural",22,10,69,2015,162
"kilwa_mandawa",5,"Rural",15,5,83,2016,240
"kilwa_masoko",3,"Rural",10,11,55,2014,78
"kilwa_masoko",5,"Rural",48,39,83,2016,56
"kilwa_miguruwe",3,"Rural",19,10,55,2014,60
"kilwa_miguruwe",5,"Rural",17,5,83,2016,55
"kilwa_mingumbi",3,"Rural",21,8,55,2014,125
"kilwa_mingumbi",4,"Rural",14,6,69,2015,81
"kilwa_mingumbi",5,"Rural",37,7,83,2016,72
"kilwa_miteja",4,"Rural",6,4,69,2015,126
"kilwa_mitole",3,"Rural",4,7,55,2014,37
"kilwa_mitole",4,"Rural",26,2,69,2015,39
"kilwa_mitole",5,"Rural",6,2,83,2016,34
"kilwa_nanjirinji",3,"Rural",22,25,55,2014,80
"kilwa_nanjirinji",4,"Rural",12,10,69,2015,44
"kilwa_njinjo",3,"Rural",3,1,55,2014,74
"kilwa_njinjo",5,"Rural",8,3,83,2016,29
"kilwa_pandemikoma",3,"Rural",29,77,55,2014,132
"kilwa_tingi",3,"Rural",6,4,55,2014,67
"kilwa_tingi",5,"Rural",56,12,83,2016,158
"kinondoni_bunju",4,"Urban",7,2,60,2014,226
"kinondoni_bunju",5,"Urban",9,5,83,2016,192
"kinondoni_goba",4,"Urban",4,8,60,2014,213
"kinondoni_goba",5,"Urban",2,4,83,2016,157
"kinondoni_hananasifu",4,"Urban",6,6,60,2014,34
"kinondoni_kawe",5,"Urban",6,3,83,2016,89
"kinondoni_kibamba",4,"Urban",28,18,60,2014,482
"kinondoni_kibamba",5,"Urban",9,1,83,2016,382
"kinondoni_kijitonyama",4,"Urban",0,4,60,2014,4
"kinondoni_kimara",4,"Urban",18,17,60,2014,139
"kinondoni_kimara",5,"Urban",18,17,83,2016,366
"kinondoni_kinondoni",4,"Urban",1,1,60,2014,20
"kinondoni_kunduchi",4,"Urban",6,6,60,2014,76
"kinondoni_kunduchi",5,"Urban",3,6,83,2016,46
"kinondoni_kwembe",4,"Urban",8,1,60,2014,286
"kinondoni_mabwepande",5,"Urban",3,2,83,2016,211
"kinondoni_makongo",5,"Urban",2,3,83,2016,59
"kinondoni_makuburi",4,"Urban",15,13,60,2014,114
"kinondoni_makuburi",5,"Urban",30,9,83,2016,122
"kinondoni_makumbusho",4,"Urban",0,0,60,2014,23
"kinondoni_makumbusho",5,"Urban",11,7,83,2016,75
"kinondoni_makurumla",4,"Urban",1,9,60,2014,26
"kinondoni_mbezi",4,"Urban",25,9,60,2014,402
"kinondoni_mbezi",5,"Urban",19,3,83,2016,436
"kinondoni_mbezijuu",4,"Urban",15,10,60,2014,271
"kinondoni_mbezijuu",5,"Urban",8,6,83,2016,120
"kinondoni_mbweni",5,"Urban",2,2,83,2016,52
"kinondoni_mikocheni",5,"Urban",2,1,83,2016,106
"kinondoni_msasani",4,"Urban",0,0,60,2014,41
"kinondoni_msasani",5,"Urban",10,5,83,2016,58
"kinondoni_msigani",4,"Urban",14,8,60,2014,139
"kinondoni_msigani",5,"Urban",13,5,83,2016,179
"kinondoni_mwananyamala",4,"Urban",3,3,60,2014,19
"kinondoni_mwananyamala",5,"Urban",9,4,83,2016,151
"kinondoni_ndugumbi",4,"Urban",3,3,60,2014,4
"kinondoni_saranga",4,"Urban",16,15,60,2014,198
"kinondoni_saranga",5,"Urban",7,4,83,2016,109
"kinondoni_ubungo",4,"Urban",6,14,60,2014,97
"kinondoni_ubungo",5,"Urban",19,5,83,2016,133
"kinondoni_wazo",4,"Urban",13,13,60,2014,310
"kinondoni_wazo",5,"Urban",20,9,83,2016,167
"kisarawe_cholesamvula",3,"Rural",11,2,47,2013,161
"kisarawe_cholesamvula",4,"Rural",17,3,61,2015,150
"kisarawe_cholesamvula",5,"Rural",15,5,83,2016,156
"kisarawe_kibuta",3,"Rural",6,3,47,2013,164
"kisarawe_kibuta",4,"Rural",62,29,61,2015,189
"kisarawe_kibuta",5,"Rural",42,23,83,2016,236
"kisarawe_kiluvya",3,"Rural",22,18,47,2013,372
"kisarawe_kiluvya",4,"Rural",19,11,61,2015,299
"kisarawe_kiluvya",5,"Rural",44,6,83,2016,376
"kisarawe_kisarawe",3,"Rural",34,13,47,2013,235
"kisarawe_kisarawe",4,"Rural",11,6,61,2015,299
"kisarawe_kisarawe",5,"Rural",7,5,83,2016,296
"kisarawe_kurui",3,"Rural",79,29,47,2013,84
"kisarawe_kurui",4,"Rural",44,10,61,2015,206
"kisarawe_kurui",5,"Rural",0,2,83,2016,162
"kisarawe_mafizi",3,"Rural",84,28,47,2013,293
"kisarawe_mafizi",4,"Rural",23,19,61,2015,298
"kisarawe_mafizi",5,"Rural",48,13,83,2016,272
"kisarawe_maneromango",3,"Rural",71,10,47,2013,204
"kisarawe_maneromango",4,"Rural",31,7,61,2015,157
"kisarawe_maneromango",5,"Rural",64,10,83,2016,246
"kisarawe_marui",4,"Rural",46,23,61,2015,151
"kisarawe_marui",5,"Rural",22,8,83,2016,247
"kisarawe_marumbo",3,"Rural",59,28,47,2013,145
"kisarawe_marumbo",4,"Rural",15,5,61,2015,152
"kisarawe_marumbo",5,"Rural",11,11,83,2016,164
"kisarawe_masaki",3,"Rural",5,2,47,2013,60
"kisarawe_masaki",4,"Rural",4,2,61,2015,152
"kisarawe_masaki",5,"Rural",11,2,83,2016,171
"kisarawe_msanga",3,"Rural",46,13,47,2013,148
"kisarawe_msanga",4,"Rural",14,10,61,2015,136
"kisarawe_msanga",5,"Rural",6,1,83,2016,147
"kisarawe_msimbu",3,"Rural",2,16,47,2013,279
"kisarawe_msimbu",4,"Rural",20,5,61,2015,314
"kisarawe_msimbu",5,"Rural",30,13,83,2016,365
"kisarawe_mzenga",3,"Rural",37,29,47,2013,114
"kisarawe_mzenga",4,"Rural",44,16,61,2015,112
"kisarawe_mzenga",5,"Rural",27,9,83,2016,136
"kisarawe_vihingo",3,"Rural",75,27,47,2013,173
"kisarawe_vihingo",4,"Rural",29,18,61,2015,100
"kisarawe_vihingo",5,"Rural",2,1,83,2016,89
"kisarawe_vikumbulu",4,"Rural",17,3,61,2015,72
"kisarawe_vikumbulu",5,"Rural",19,7,83,2016,53
"lindirural_chiponda",3,"Rural",39,30,54,2014,65
"lindirural_chiponda",4,"Rural",19,8,69,2015,86
"lindirural_chiponda",5,"Rural",9,2,83,2016,88
"lindirural_kilangala",3,"Rural",17,21,54,2014,58
"lindirural_kilangala",4,"Rural",11,3,69,2015,33
"lindirural_kilangala",5,"Rural",16,20,83,2016,40
"lindirural_kilolambwani",3,"Rural",3,1,54,2014,11
"lindirural_kilolambwani",4,"Rural",14,19,69,2015,46
"lindirural_kilolambwani",5,"Rural",6,3,83,2016,62
"lindirural_kitomanga",4,"Rural",10,9,69,2015,149
"lindirural_kiwalala",4,"Rural",0,15,69,2015,80
"lindirural_kiwalala",5,"Rural",6,15,83,2016,36
"lindirural_kiwawa",3,"Rural",8,3,54,2014,54
"lindirural_kiwawa",4,"Rural",24,10,69,2015,49
"lindirural_kiwawa",5,"Rural",3,2,83,2016,37
"lindirural_longa",4,"Rural",22,0,69,2015,33
"lindirural_longa",5,"Rural",25,19,83,2016,29
"lindirural_majengo",3,"Rural",7,6,54,2014,54
"lindirural_majengo",4,"Rural",18,4,69,2015,45
"lindirural_majengo",5,"Rural",9,2,83,2016,51
"lindirural_mandwanga",3,"Rural",23,17,54,2014,37
"lindirural_mandwanga",4,"Rural",5,3,69,2015,20
"lindirural_mandwanga",5,"Rural",24,9,83,2016,49
"lindirural_matimba",4,"Rural",6,7,69,2015,38
"lindirural_matimba",5,"Rural",38,52,83,2016,62
"lindirural_mchinga",4,"Rural",9,5,69,2015,28
"lindirural_mchinga",5,"Rural",5,2,83,2016,32
"lindirural_milola",3,"Rural",16,55,54,2014,83
"lindirural_milola",4,"Rural",8,13,69,2015,103
"lindirural_milola",5,"Rural",8,13,83,2016,85
"lindirural_mipingo",3,"Rural",12,3,54,2014,69
"lindirural_mipingo",4,"Rural",11,14,69,2015,93
"lindirural_mipingo",5,"Rural",27,7,83,2016,70
"lindirural_mnara",3,"Rural",28,58,54,2014,69
"lindirural_mnara",4,"Rural",37,13,69,2015,106
"lindirural_mnara",5,"Rural",24,20,83,2016,99
"lindirural_mnolela",3,"Rural",16,4,54,2014,62
"lindirural_mnolela",4,"Rural",7,8,69,2015,55
"lindirural_mnolela",5,"Rural",38,34,83,2016,71
"lindirural_mtama",3,"Rural",9,9,54,2014,2
"lindirural_mtama",4,"Rural",7,5,69,2015,15
"lindirural_mtama",5,"Rural",16,8,83,2016,33
"lindirural_mtua",3,"Rural",5,1,54,2014,18
"lindirural_mtua",4,"Rural",10,0,69,2015,9
"lindirural_mtua",5,"Rural",3,3,83,2016,24
"lindirural_mtumbya",3,"Rural",15,2,54,2014,23
"lindirural_mtumbya",4,"Rural",21,13,69,2015,52
"lindirural_mtumbya",5,"Rural",13,3,83,2016,36
"lindirural_nachunyu",4,"Rural",5,0,69,2015,31
"lindirural_nachunyu",5,"Rural",6,6,83,2016,67
"lindirural_nahukahuka",3,"Rural",29,26,54,2014,57
"lindirural_nahukahuka",4,"Rural",8,7,69,2015,39
"lindirural_nahukahuka",5,"Rural",9,14,83,2016,51
"lindirural_namangale",4,"Rural",27,17,69,2015,91
"lindirural_namangale",5,"Rural",33,3,83,2016,55
"lindirural_namupa",3,"Rural",3,1,54,2014,50
"lindirural_namupa",4,"Rural",12,2,69,2015,75
"lindirural_namupa",5,"Rural",41,0,83,2016,71
"lindirural_nangaru",4,"Rural",12,9,69,2015,57
"lindirural_nangaru",5,"Rural",16,15,83,2016,41
"lindirural_navanga",3,"Rural",12,8,54,2014,46
"lindirural_navanga",4,"Rural",8,2,69,2015,19
"lindirural_navanga",5,"Rural",3,7,83,2016,8
"lindirural_nyangamara",3,"Rural",58,72,54,2014,81
"lindirural_nyangamara",4,"Rural",7,17,69,2015,41
"lindirural_nyangamara",5,"Rural",13,40,83,2016,42
"lindirural_nyangao",3,"Rural",24,12,54,2014,86
"lindirural_nyangao",4,"Rural",38,18,69,2015,115
"lindirural_nyangao",5,"Rural",26,16,83,2016,80
"lindirural_nyengedi",4,"Rural",14,6,69,2015,71
"lindirural_nyengedi",5,"Rural",12,3,83,2016,42
"lindirural_pangatena",4,"Rural",9,9,69,2015,28
"lindirural_pangatena",5,"Rural",8,3,83,2016,23
"lindirural_rutamba",4,"Rural",15,21,69,2015,74
"lindirural_rutamba",5,"Rural",8,21,83,2016,90
"lindirural_sudi",3,"Rural",7,10,54,2014,39
"lindirural_sudi",4,"Rural",11,4,69,2015,38
"lindirural_sudi",5,"Rural",6,2,83,2016,60
"lindiurban_chikonji",3,"Urban",3,5,54,2014,35
"lindiurban_chikonji",4,"Urban",8,1,69,2015,81
"lindiurban_chikonji",5,"Urban",4,2,83,2016,59
"lindiurban_jamhuri",3,"Urban",36,8,54,2014,111
"lindiurban_jamhuri",4,"Urban",9,1,69,2015,139
"lindiurban_jamhuri",5,"Urban",0,0,83,2016,86
"lindiurban_makonde",4,"Urban",1,1,69,2015,6
"lindiurban_makonde",5,"Urban",0,0,83,2016,8
"lindiurban_matopeni",3,"Urban",0,2,54,2014,28
"lindiurban_matopeni",4,"Urban",8,3,69,2015,18
"lindiurban_matopeni",5,"Urban",0,0,83,2016,14
"lindiurban_mbanja",3,"Urban",6,3,54,2014,50
"lindiurban_mbanja",4,"Urban",16,18,69,2015,69
"lindiurban_mbanja",5,"Urban",1,1,83,2016,62
"lindiurban_mikumbi",3,"Urban",0,0,54,2014,5
"lindiurban_mikumbi",5,"Urban",1,3,83,2016,5
"lindiurban_mingoyo",3,"Urban",34,59,54,2014,82
"lindiurban_mingoyo",4,"Urban",60,19,69,2015,129
"lindiurban_mingoyo",5,"Urban",0,0,83,2016,79
"lindiurban_mitandi",3,"Urban",0,1,54,2014,10
"lindiurban_mitandi",4,"Urban",1,1,69,2015,6
"lindiurban_mitandi",5,"Urban",0,0,83,2016,2
"lindiurban_msinjahili",3,"Urban",16,2,54,2014,75
"lindiurban_msinjahili",4,"Urban",8,0,69,2015,104
"lindiurban_mtanda",3,"Urban",15,2,54,2014,131
"lindiurban_mtanda",4,"Urban",17,4,69,2015,108
"lindiurban_mtanda",5,"Urban",6,2,83,2016,139
"lindiurban_mwenge",3,"Urban",0,2,54,2014,8
"lindiurban_mwenge",4,"Urban",13,11,69,2015,26
"lindiurban_mwenge",5,"Urban",6,7,83,2016,25
"lindiurban_nachingwea",3,"Urban",6,3,54,2014,51
"lindiurban_nachingwea",4,"Urban",16,7,69,2015,45
"lindiurban_nachingwea",5,"Urban",1,1,83,2016,24
"lindiurban_ndoro",5,"Urban",0,0,83,2016,11
"lindiurban_ngapa",3,"Urban",20,10,54,2014,119
"lindiurban_ngapa",4,"Urban",25,8,69,2015,132
"lindiurban_rahaleo",5,"Urban",0,0,83,2016,1
"lindiurban_rasbura",3,"Urban",11,3,54,2014,116
"lindiurban_rasbura",4,"Urban",13,5,69,2015,129
"lindiurban_rasbura",5,"Urban",3,2,83,2016,109
"lindiurban_tandangongoro",3,"Urban",35,5,54,2014,92
"lindiurban_tandangongoro",4,"Urban",11,4,69,2015,67
"lindiurban_tandangongoro",5,"Urban",5,3,83,2016,103
"lindiurban_wailes",3,"Urban",2,4,54,2014,16
"liwale_barikiwa",3,"Rural",5,17,55,2014,45
"liwale_barikiwa",4,"Rural",6,1,69,2015,24
"liwale_barikiwa",5,"Rural",11,6,83,2016,25
"liwale_kiangara",3,"Rural",27,18,55,2014,37
"liwale_kiangara",4,"Rural",12,9,69,2015,44
"liwale_kiangara",5,"Rural",17,8,83,2016,30
"liwale_kibutuka",3,"Rural",12,24,55,2014,31
"liwale_kibutuka",4,"Rural",15,9,69,2015,57
"liwale_kibutuka",5,"Rural",34,14,83,2016,51
"liwale_kichonda",3,"Rural",0,9,55,2014,33
"liwale_kichonda",4,"Rural",14,4,69,2015,20
"liwale_kichonda",5,"Rural",7,1,83,2016,15
"liwale_kimambi",3,"Rural",0,1,55,2014,1
"liwale_kimambi",4,"Rural",5,3,69,2015,5
"liwale_kimambi",5,"Rural",6,0,83,2016,7
"liwale_likongowele",3,"Rural",7,9,55,2014,27
"liwale_likongowele",4,"Rural",7,9,69,2015,37
"liwale_likongowele",5,"Rural",3,5,83,2016,36
"liwale_lilombe",3,"Rural",9,19,55,2014,22
"liwale_lilombe",4,"Rural",11,7,69,2015,19
"liwale_lilombe",5,"Rural",3,1,83,2016,10
"liwale_liwaleb",3,"Rural",10,69,55,2014,84
"liwale_liwaleb",4,"Rural",30,13,69,2015,43
"liwale_liwaleb",5,"Rural",6,0,83,2016,15
"liwale_liwalemjini",3,"Rural",11,14,55,2014,18
"liwale_liwalemjini",4,"Rural",10,7,69,2015,41
"liwale_liwalemjini",5,"Rural",12,15,83,2016,34
"liwale_makata",3,"Rural",19,37,55,2014,52
"liwale_makata",4,"Rural",4,3,69,2015,33
"liwale_makata",5,"Rural",21,5,83,2016,34
"liwale_mangirikiti",3,"Rural",4,9,55,2014,50
"liwale_mangirikiti",4,"Rural",30,13,69,2015,53
"liwale_mangirikiti",5,"Rural",0,3,83,2016,12
"liwale_mbaya",3,"Rural",5,19,55,2014,34
"liwale_mbaya",4,"Rural",13,12,69,2015,20
"liwale_mbaya",5,"Rural",14,7,83,2016,34
"liwale_mihumo",3,"Rural",7,9,55,2014,27
"liwale_mihumo",4,"Rural",26,11,69,2015,24
"liwale_mihumo",5,"Rural",0,2,83,2016,7
"liwale_mirui",3,"Rural",12,18,55,2014,28
"liwale_mirui",4,"Rural",10,12,69,2015,22
"liwale_mirui",5,"Rural",5,9,83,2016,12
"liwale_mkutano",5,"Rural",9,12,83,2016,14
"liwale_mlembwe",3,"Rural",4,4,55,2014,10
"liwale_mlembwe",4,"Rural",10,4,69,2015,18
"liwale_mlembwe",5,"Rural",2,0,83,2016,4
"liwale_mpigamiti",3,"Rural",3,36,55,2014,46
"liwale_mpigamiti",4,"Rural",5,4,69,2015,9
"liwale_mpigamiti",5,"Rural",5,0,83,2016,24
"liwale_nangando",3,"Rural",19,13,55,2014,62
"liwale_nangando",4,"Rural",18,8,69,2015,81
"liwale_nangando",5,"Rural",13,13,83,2016,32
"liwale_nangano",3,"Rural",12,11,55,2014,14
"liwale_nangano",4,"Rural",8,8,69,2015,22
"liwale_nangano",5,"Rural",7,11,83,2016,23
"liwale_ngongowele",3,"Rural",13,16,55,2014,16
"liwale_ngongowele",4,"Rural",16,8,69,2015,21
"liwale_ngongowele",5,"Rural",0,2,83,2016,12
"masasi_chigugu",3,"Rural",13,10,54,2014,124
"masasi_chigugu",5,"Rural",11,7,83,2016,130
"masasi_chikolopola",3,"Rural",9,4,54,2014,96
"masasi_chikolopola",4,"Rural",1,3,69,2015,16
"masasi_chiungutwa",3,"Rural",8,10,54,2014,117
"masasi_chiungutwa",4,"Rural",25,32,69,2015,92
"masasi_chiwale",3,"Rural",3,2,54,2014,38
"masasi_chiwale",5,"Rural",5,13,83,2016,31
"masasi_chiwata",3,"Rural",2,2,54,2014,80
"masasi_chiwata",4,"Rural",22,13,69,2015,54
"masasi_chiwata",5,"Rural",5,5,83,2016,45
"masasi_lipumburu",3,"Rural",6,5,54,2014,83
"masasi_lipumburu",4,"Rural",30,22,69,2015,66
"masasi_lukuledi",4,"Rural",22,15,69,2015,118
"masasi_lukuledi",5,"Rural",34,11,83,2016,192
"masasi_lulindi",3,"Rural",21,8,54,2014,77
"masasi_lulindi",4,"Rural",15,11,69,2015,79
"masasi_lulindi",5,"Rural",5,1,83,2016,37
"masasi_mbuyuni",3,"Rural",9,4,54,2014,77
"masasi_mbuyuni",4,"Rural",0,0,69,2015,93
"masasi_mchauru",3,"Rural",22,5,54,2014,159
"masasi_mchauru",4,"Rural",34,32,69,2015,159
"masasi_mchauru",5,"Rural",6,3,83,2016,126
"masasi_mkululu",3,"Rural",14,14,54,2014,148
"masasi_mkululu",4,"Rural",11,10,69,2015,146
"masasi_mkululu",5,"Rural",5,1,83,2016,12
"masasi_mkundi",3,"Rural",7,8,54,2014,170
"masasi_mkundi",4,"Rural",12,2,69,2015,160
"masasi_mkundi",5,"Rural",4,2,83,2016,39
"masasi_mlingula",3,"Rural",11,7,54,2014,69
"masasi_mnavira",3,"Rural",4,5,54,2014,102
"masasi_mnavira",4,"Rural",5,7,69,2015,70
"masasi_mpanyani",3,"Rural",3,2,54,2014,23
"masasi_mpanyani",5,"Rural",1,3,83,2016,38
"masasi_mwena",3,"Rural",21,13,54,2014,312
"masasi_mwena",4,"Rural",43,36,69,2015,343
"masasi_mwena",5,"Rural",44,26,83,2016,453
"masasi_namajani",3,"Rural",2,1,54,2014,31
"masasi_namajani",4,"Rural",21,15,69,2015,50
"masasi_namajani",5,"Rural",23,3,83,2016,119
"masasi_namalenga",3,"Rural",20,9,54,2014,80
"masasi_namalenga",4,"Rural",27,25,69,2015,113
"masasi_namalenga",5,"Rural",36,14,83,2016,74
"masasi_namatutwe",3,"Rural",6,5,54,2014,121
"masasi_namatutwe",4,"Rural",10,4,69,2015,116
"masasi_namatutwe",5,"Rural",32,9,83,2016,101
"masasi_nanganga",3,"Rural",6,6,54,2014,112
"masasi_nanganga",4,"Rural",20,14,69,2015,117
"masasi_nanganga",5,"Rural",28,21,83,2016,107
"masasi_nanjota",3,"Rural",18,11,54,2014,160
"masasi_nanjota",4,"Rural",13,18,69,2015,149
"masasi_nanjota",5,"Rural",1,7,83,2016,36
"masasi_sindano",3,"Rural",7,6,54,2014,86
"masasi_sindano",4,"Rural",17,9,69,2015,92
"masasitownshipauthority_jida",3,"Urban",3,1,54,2014,128
"masasitownshipauthority_jida",4,"Urban",13,17,69,2015,127
"masasitownshipauthority_jida",5,"Urban",0,16,83,2016,16
"masasitownshipauthority_marika",3,"Urban",11,16,54,2014,295
"masasitownshipauthority_marika",4,"Urban",7,17,69,2015,294
"masasitownshipauthority_marika",5,"Urban",12,7,83,2016,146
"masasitownshipauthority_migongo",3,"Urban",24,11,54,2014,152
"masasitownshipauthority_migongo",4,"Urban",13,28,69,2015,152
"masasitownshipauthority_migongo",5,"Urban",12,18,83,2016,41
"masasitownshipauthority_mkomaindo",3,"Urban",12,10,54,2014,150
"masasitownshipauthority_mkomaindo",4,"Urban",9,20,69,2015,152
"masasitownshipauthority_mkomaindo",5,"Urban",3,6,83,2016,30
"masasitownshipauthority_mkuti",3,"Urban",1,1,54,2014,91
"masasitownshipauthority_mkuti",4,"Urban",4,13,69,2015,100
"masasitownshipauthority_mpindimbi",3,"Urban",16,11,54,2014,69
"masasitownshipauthority_mpindimbi",5,"Urban",7,3,83,2016,235
"masasitownshipauthority_mtandi",3,"Urban",17,6,54,2014,277
"masasitownshipauthority_mtandi",4,"Urban",53,65,69,2015,245
"masasitownshipauthority_mtandi",5,"Urban",9,23,83,2016,107
"masasitownshipauthority_mwenge",3,"Urban",3,2,54,2014,161
"masasitownshipauthority_mwenge",4,"Urban",9,20,69,2015,154
"masasitownshipauthority_mwenge",5,"Urban",3,3,83,2016,78
"masasitownshipauthority_mwengemtapika",3,"Urban",11,2,54,2014,257
"masasitownshipauthority_mwengemtapika",4,"Urban",8,22,69,2015,264
"masasitownshipauthority_mwengemtapika",5,"Urban",4,16,83,2016,39
"masasitownshipauthority_nyasa",3,"Urban",20,18,54,2014,249
"masasitownshipauthority_nyasa",4,"Urban",11,25,69,2015,239
"masasitownshipauthority_nyasa",5,"Urban",1,9,83,2016,71
"masasitownshipauthority_sululu",3,"Urban",3,2,54,2014,214
"masasitownshipauthority_sululu",4,"Urban",14,26,69,2015,199
"masasitownshipauthority_sululu",5,"Urban",9,11,83,2016,69
"masasitownshipauthority_temeke",3,"Urban",2,2,54,2014,166
"masasitownshipauthority_temeke",4,"Urban",8,20,69,2015,183
"masasitownshipauthority_temeke",5,"Urban",4,0,83,2016,42
"mkuranga_bupu",3,"Rural",74,25,47,2013,237
"mkuranga_bupu",4,"Rural",8,3,61,2015,128
"mkuranga_kimanzichana",3,"Rural",6,1,47,2013,76
"mkuranga_kimanzichana",4,"Rural",6,5,61,2015,106
"mkuranga_kiparanganda",3,"Rural",26,10,47,2013,73
"mkuranga_kiparanganda",4,"Rural",8,5,61,2015,75
"mkuranga_kisiju",3,"Rural",26,4,47,2013,97
"mkuranga_kisiju",4,"Rural",0,1,61,2015,83
"mkuranga_kitomondo",3,"Rural",3,1,47,2013,22
"mkuranga_kitomondo",4,"Rural",0,0,61,2015,29
"mkuranga_lukanga",3,"Rural",5,32,47,2013,43
"mkuranga_lukanga",4,"Rural",6,4,61,2015,76
"mkuranga_magawa",3,"Rural",139,75,47,2013,142
"mkuranga_magawa",4,"Rural",12,4,61,2015,138
"mkuranga_mbezi",3,"Rural",25,7,47,2013,52
"mkuranga_mbezi",4,"Rural",12,7,61,2015,81
"mkuranga_mkamba",3,"Rural",14,2,47,2013,100
"mkuranga_mkamba",4,"Rural",4,2,61,2015,142
"mkuranga_mkuranga",3,"Rural",8,7,47,2013,224
"mkuranga_mkuranga",4,"Rural",5,3,61,2015,177
"mkuranga_mwalusembe",3,"Rural",38,16,47,2013,69
"mkuranga_mwalusembe",4,"Rural",0,0,61,2015,72
"mkuranga_njianne",3,"Rural",18,3,47,2013,42
"mkuranga_njianne",4,"Rural",6,15,61,2015,59
"mkuranga_nyamato",3,"Rural",7,24,47,2013,74
"mkuranga_nyamato",4,"Rural",9,7,61,2015,45
"mkuranga_panzuo",3,"Rural",109,16,47,2013,108
"mkuranga_panzuo",4,"Rural",25,17,61,2015,59
"mkuranga_shungubweni",3,"Rural",69,11,47,2013,61
"mkuranga_shungubweni",4,"Rural",12,10,61,2015,66
"mkuranga_tambani",3,"Rural",70,65,47,2013,156
"mkuranga_tambani",4,"Rural",26,13,61,2015,196
"mkuranga_vianzi",3,"Rural",101,59,47,2013,100
"mkuranga_vianzi",4,"Rural",12,8,61,2015,109
"mkuranga_vikindu",3,"Rural",13,17,47,2013,178
"mkuranga_vikindu",4,"Rural",3,4,61,2015,170
"morogoro_bungu",4,"Rural",0,0,60,2014,107
"morogoro_bungu",5,"Rural",16,30,83,2016,70
"morogoro_bwakilachini",4,"Rural",53,41,60,2014,294
"morogoro_bwakilachini",5,"Rural",75,46,83,2016,446
"morogoro_bwakilajuu",4,"Rural",0,0,60,2014,52
"morogoro_bwakilajuu",5,"Rural",15,0,83,2016,91
"morogoro_gwata",4,"Rural",0,0,60,2014,178
"morogoro_kasanga",4,"Rural",3,0,60,2014,62
"morogoro_kasanga",5,"Rural",37,20,83,2016,134
"morogoro_kibogwa",4,"Rural",8,0,60,2014,151
"morogoro_kibogwa",5,"Rural",36,9,83,2016,74
"morogoro_kibungojuu",4,"Rural",11,7,60,2014,223
"morogoro_kibungojuu",5,"Rural",10,7,83,2016,99
"morogoro_kidugalo",4,"Rural",119,48,60,2014,486
"morogoro_kidugalo",5,"Rural",57,33,83,2016,402
"morogoro_kinole",4,"Rural",8,2,60,2014,30
"morogoro_kinole",5,"Rural",18,20,83,2016,99
"morogoro_kiroka",4,"Rural",72,15,60,2014,148
"morogoro_kiroka",5,"Rural",54,37,83,2016,247
"morogoro_kisaki",4,"Rural",0,4,60,2014,243
"morogoro_kisemu",4,"Rural",9,4,60,2014,207
"morogoro_kisemu",5,"Rural",22,4,83,2016,113
"morogoro_kolero",4,"Rural",21,2,60,2014,57
"morogoro_kolero",5,"Rural",84,31,83,2016,171
"morogoro_konde",4,"Rural",4,2,60,2014,261
"morogoro_konde",5,"Rural",10,4,83,2016,95
"morogoro_lundi",4,"Rural",11,5,60,2014,493
"morogoro_mikese",4,"Rural",123,57,60,2014,274
"morogoro_mikese",5,"Rural",163,124,83,2016,290
"morogoro_mkambarani",4,"Rural",0,3,60,2014,218
"morogoro_mkulazi",4,"Rural",7,2,60,2014,366
"morogoro_mkulazi",5,"Rural",53,4,83,2016,224
"morogoro_mkuyuni",4,"Rural",38,27,60,2014,115
"morogoro_mkuyuni",5,"Rural",28,21,83,2016,161
"morogoro_mngazi",4,"Rural",52,36,60,2014,163
"morogoro_mngazi",5,"Rural",43,8,83,2016,427
"morogoro_mtombozi",4,"Rural",9,6,60,2014,461
"morogoro_mtombozi",5,"Rural",24,14,83,2016,189
"morogoro_mvuha",4,"Rural",29,8,60,2014,527
"morogoro_ngerengere",4,"Rural",54,17,60,2014,395
"morogoro_ngerengere",5,"Rural",70,18,83,2016,451
"morogoro_selembala",4,"Rural",6,0,60,2014,204
"morogoro_singisa",4,"Rural",40,57,60,2014,52
"morogoro_singisa",5,"Rural",76,44,83,2016,125
"morogoro_tawa",4,"Rural",16,3,60,2014,30
"morogoro_tawa",5,"Rural",34,12,83,2016,54
"morogoro_tegetero",4,"Rural",1,0,60,2014,50
"morogoro_tegetero",5,"Rural",25,6,83,2016,86
"morogoro_tununguo",4,"Rural",0,3,60,2014,362
"morogorourban_bigwa",4,"Urban",5,1,60,2014,535
"morogorourban_bigwa",5,"Urban",1,6,83,2016,549
"morogorourban_boma",4,"Urban",22,15,60,2014,335
"morogorourban_boma",5,"Urban",12,5,83,2016,362
"morogorourban_kichangani",4,"Urban",25,7,60,2014,719
"morogorourban_kichangani",5,"Urban",21,12,83,2016,395
"morogorourban_kihonda",4,"Urban",75,14,60,2014,1602
"morogorourban_kihonda",5,"Urban",45,22,83,2016,1556
"morogorourban_kilakala",4,"Urban",34,18,60,2014,1044
"morogorourban_kilakala",5,"Urban",8,2,83,2016,476
"morogorourban_kingo",5,"Urban",9,5,83,2016,457
"morogorourban_kingolwira",4,"Urban",9,5,60,2014,1054
"morogorourban_kingolwira",5,"Urban",44,19,83,2016,860
"morogorourban_kiwanjachandege",4,"Urban",14,5,60,2014,56
"morogorourban_kiwanjachandege",5,"Urban",5,13,83,2016,198
"morogorourban_mafiga",4,"Urban",0,8,60,2014,175
"morogorourban_mafiga",5,"Urban",4,4,83,2016,413
"morogorourban_mazimbu",4,"Urban",83,35,60,2014,1783
"morogorourban_mazimbu",5,"Urban",37,28,83,2016,1142
"morogorourban_mbuyuni",4,"Urban",29,11,60,2014,618
"morogorourban_mbuyuni",5,"Urban",8,10,83,2016,186
"morogorourban_mjimkuu",5,"Urban",5,4,83,2016,34
"morogorourban_mjimpya",4,"Urban",2,2,60,2014,83
"morogorourban_mjimpya",5,"Urban",0,0,83,2016,60
"morogorourban_mlimani",4,"Urban",42,12,60,2014,608
"morogorourban_mlimani",5,"Urban",10,3,83,2016,273
"morogorourban_mwembesongo",4,"Urban",21,6,60,2014,1103
"morogorourban_mwembesongo",5,"Urban",0,0,83,2016,477
"morogorourban_mzinga",4,"Urban",32,10,60,2014,119
"morogorourban_mzinga",5,"Urban",16,5,83,2016,421
"morogorourban_sabasaba",4,"Urban",1,3,60,2014,88
"morogorourban_sabasaba",5,"Urban",3,4,83,2016,181
"morogorourban_sultanarea",4,"Urban",3,0,60,2014,46
"morogorourban_sultanarea",5,"Urban",3,2,83,2016,23
"morogorourban_uwanjawataifa",5,"Urban",0,0,83,2016,50
"mtwararural_chawi",3,"Rural",8,15,54,2014,21
"mtwararural_chawi",4,"Rural",7,1,68,2015,19
"mtwararural_chawi",5,"Rural",0,0,83,2016,42
"mtwararural_dihimba",5,"Rural",14,1,83,2016,30
"mtwararural_kiromba",3,"Rural",3,1,54,2014,12
"mtwararural_kiromba",5,"Rural",1,0,83,2016,28
"mtwararural_kitaya",3,"Rural",15,16,54,2014,33
"mtwararural_kitaya",4,"Rural",2,1,68,2015,25
"mtwararural_kitaya",5,"Rural",0,0,83,2016,27
"mtwararural_kitere",3,"Rural",14,26,54,2014,55
"mtwararural_kitere",4,"Rural",13,8,68,2015,26
"mtwararural_kitere",5,"Rural",3,0,83,2016,28
"mtwararural_kiyanga",3,"Rural",1,2,54,2014,2
"mtwararural_libobe",3,"Rural",3,10,54,2014,25
"mtwararural_libobe",4,"Rural",19,6,68,2015,39
"mtwararural_libobe",5,"Rural",3,3,83,2016,32
"mtwararural_madimba",3,"Rural",1,3,54,2014,34
"mtwararural_madimba",4,"Rural",0,0,68,2015,48
"mtwararural_madimba",5,"Rural",1,0,83,2016,49
"mtwararural_mahurunga",3,"Rural",23,15,54,2014,48
"mtwararural_mahurunga",4,"Rural",17,6,68,2015,29
"mtwararural_mahurunga",5,"Rural",6,1,83,2016,44
"mtwararural_mayanga",3,"Rural",0,1,54,2014,58
"mtwararural_mayanga",5,"Rural",16,6,83,2016,67
"mtwararural_mbawala",4,"Rural",6,2,68,2015,50
"mtwararural_mbawala",5,"Rural",17,10,83,2016,83
"mtwararural_mbembaleo",3,"Rural",20,10,54,2014,18
"mtwararural_mbembaleo",4,"Rural",15,0,68,2015,18
"mtwararural_mbembaleo",5,"Rural",0,0,83,2016,17
"mtwararural_milangominne",3,"Rural",5,7,54,2014,12
"mtwararural_mnima",3,"Rural",2,11,54,2014,37
"mtwararural_mnima",4,"Rural",32,10,68,2015,92
"mtwararural_mnima",5,"Rural",3,1,83,2016,48
"mtwararural_mpapura",3,"Rural",2,4,54,2014,33
"mtwararural_mpapura",4,"Rural",14,5,68,2015,35
"mtwararural_mpapura",5,"Rural",0,0,83,2016,35
"mtwararural_msangamkuu",3,"Rural",0,0,54,2014,14
"mtwararural_msangamkuu",4,"Rural",3,3,68,2015,14
"mtwararural_msangamkuu",5,"Rural",0,0,83,2016,1
"mtwararural_mtimbwilimbwi",3,"Rural",3,14,54,2014,20
"mtwararural_mtimbwilimbwi",4,"Rural",30,1,68,2015,39
"mtwararural_mtiniko",3,"Rural",5,9,54,2014,16
"mtwararural_mtiniko",5,"Rural",0,0,83,2016,14
"mtwararural_muungano",3,"Rural",0,2,54,2014,11
"mtwararural_muungano",5,"Rural",4,0,83,2016,12
"mtwararural_namtumbuka",3,"Rural",16,33,54,2014,70
"mtwararural_nanguruwe",3,"Rural",2,3,54,2014,10
"mtwararural_nanguruwe",4,"Rural",4,4,68,2015,49
"mtwararural_nanguruwe",5,"Rural",2,3,83,2016,17
"mtwararural_nanyamba",3,"Rural",0,1,54,2014,26
"mtwararural_nanyamba",5,"Rural",0,0,83,2016,2
"mtwararural_naumbu",3,"Rural",2,22,54,2014,62
"mtwararural_naumbu",5,"Rural",9,3,83,2016,63
"mtwararural_ndumbwe",3,"Rural",7,4,54,2014,47
"mtwararural_ndumbwe",4,"Rural",35,10,68,2015,60
"mtwararural_nitekela",3,"Rural",13,6,54,2014,14
"mtwararural_nitekela",5,"Rural",0,0,83,2016,22
"mtwararural_njengwa",3,"Rural",17,5,54,2014,44
"mtwararural_njengwa",5,"Rural",7,3,83,2016,33
"mtwararural_tangazo",3,"Rural",9,21,54,2014,40
"mtwararural_tangazo",4,"Rural",10,6,68,2015,31
"mtwararural_tangazo",5,"Rural",0,0,83,2016,30
"mtwararural_ziwani",3,"Rural",5,10,54,2014,26
"mtwararural_ziwani",4,"Rural",0,0,68,2015,32
"mtwararural_ziwani",5,"Rural",8,5,83,2016,49
"mtwaraurban_chikongola",4,"Urban",4,2,70,2015,7
"mtwaraurban_chikongola",5,"Urban",0,4,83,2016,18
"mtwaraurban_chuno",5,"Urban",9,3,83,2016,62
"mtwaraurban_jangwani",4,"Urban",2,3,70,2015,24
"mtwaraurban_jangwani",5,"Urban",1,0,83,2016,19
"mtwaraurban_likombe",4,"Urban",7,9,70,2015,54
"mtwaraurban_likombe",5,"Urban",11,9,83,2016,71
"mtwaraurban_mitengo",5,"Urban",7,4,83,2016,52
"mtwaraurban_mtonya",3,"Urban",0,2,57,2014,19
"mtwaraurban_naliendele",4,"Urban",2,7,70,2015,37
"mtwaraurban_naliendele",5,"Urban",7,9,83,2016,69
"mtwaraurban_rahaleo",4,"Urban",3,0,70,2015,9
"mtwaraurban_rahaleo",5,"Urban",0,0,83,2016,2
"mtwaraurban_railway",4,"Urban",4,5,70,2015,16
"mtwaraurban_railway",5,"Urban",2,1,83,2016,8
"mtwaraurban_shangani",4,"Urban",9,14,70,2015,129
"mtwaraurban_shangani",5,"Urban",21,9,83,2016,118
"mtwaraurban_ufukoni",4,"Urban",7,6,70,2015,115
"mtwaraurban_ufukoni",5,"Urban",12,10,83,2016,146
"nachingwea_chiola",3,"Rural",85,34,54,2014,85
"nachingwea_chiola",4,"Rural",25,8,69,2015,91
"nachingwea_chiola",5,"Rural",13,10,83,2016,88
"nachingwea_kiegei",3,"Rural",15,1,54,2014,17
"nachingwea_kiegei",4,"Rural",19,8,69,2015,32
"nachingwea_kilimanihewa",3,"Rural",74,24,54,2014,96
"nachingwea_kilimanihewa",4,"Rural",28,5,69,2015,58
"nachingwea_kilimanihewa",5,"Rural",25,16,83,2016,67
"nachingwea_kilimarondo",3,"Rural",22,4,54,2014,39
"nachingwea_kilimarondo",4,"Rural",24,7,69,2015,36
"nachingwea_kilimarondo",5,"Rural",6,3,83,2016,61
"nachingwea_kiparamnero",3,"Rural",63,14,54,2014,47
"nachingwea_kiparamnero",4,"Rural",32,5,69,2015,42
"nachingwea_kiparamnero",5,"Rural",9,4,83,2016,46
"nachingwea_lionja",3,"Rural",47,8,54,2014,130
"nachingwea_lionja",4,"Rural",41,15,69,2015,149
"nachingwea_marambo",3,"Rural",61,16,54,2014,116
"nachingwea_marambo",4,"Rural",59,7,69,2015,140
"nachingwea_matekwe",3,"Rural",30,6,54,2014,42
"nachingwea_matekwe",4,"Rural",12,6,69,2015,23
"nachingwea_mbondo",3,"Rural",44,10,54,2014,99
"nachingwea_mbondo",4,"Rural",64,18,69,2015,125
"nachingwea_mkoka",3,"Rural",45,11,54,2014,111
"nachingwea_mkoka",4,"Rural",48,9,69,2015,82
"nachingwea_mkotokuyana",3,"Rural",9,2,54,2014,15
"nachingwea_mkotokuyana",4,"Rural",16,2,69,2015,31
"nachingwea_mkotokuyana",5,"Rural",0,6,83,2016,38
"nachingwea_mneromiembeni",3,"Rural",55,8,54,2014,203
"nachingwea_mneromiembeni",4,"Rural",59,17,69,2015,143
"nachingwea_mneromiembeni",5,"Rural",8,11,83,2016,149
"nachingwea_mnerongongo",3,"Rural",70,15,54,2014,141
"nachingwea_mnerongongo",4,"Rural",83,18,69,2015,206
"nachingwea_mpiruka",3,"Rural",52,11,54,2014,124
"nachingwea_mpiruka",4,"Rural",43,9,69,2015,92
"nachingwea_mpiruka",5,"Rural",10,4,83,2016,90
"nachingwea_mtua",3,"Rural",31,4,54,2014,174
"nachingwea_mtua",4,"Rural",60,12,69,2015,153
"nachingwea_mtua",5,"Rural",6,1,83,2016,180
"nachingwea_naipanga",3,"Rural",15,4,54,2014,55
"nachingwea_naipanga",4,"Rural",19,6,69,2015,42
"nachingwea_naipanga",5,"Rural",5,6,83,2016,43
"nachingwea_naipingo",3,"Rural",98,32,54,2014,178
"nachingwea_naipingo",4,"Rural",91,28,69,2015,175
"nachingwea_naipingo",5,"Rural",6,15,83,2016,135
"nachingwea_namapwia",3,"Rural",27,7,54,2014,22
"nachingwea_namapwia",4,"Rural",24,5,69,2015,44
"nachingwea_namapwia",5,"Rural",8,6,83,2016,37
"nachingwea_namatula",3,"Rural",53,13,54,2014,115
"nachingwea_namatula",4,"Rural",36,6,69,2015,78
"nachingwea_namatula",5,"Rural",2,5,83,2016,28
"nachingwea_nambambo",3,"Rural",18,6,54,2014,284
"nachingwea_nambambo",4,"Rural",57,27,69,2015,288
"nachingwea_nambambo",5,"Rural",18,10,83,2016,210
"nachingwea_namikango",3,"Rural",26,3,54,2014,82
"nachingwea_namikango",4,"Rural",27,6,69,2015,78
"nachingwea_namikango",5,"Rural",7,8,83,2016,75
"nachingwea_nangowe",3,"Rural",47,21,54,2014,179
"nachingwea_nangowe",4,"Rural",45,8,69,2015,138
"nachingwea_nangowe",5,"Rural",47,22,83,2016,139
"nachingwea_nditi",3,"Rural",70,13,54,2014,106
"nachingwea_nditi",4,"Rural",39,15,69,2015,65
"nachingwea_nditi",5,"Rural",8,3,83,2016,61
"nachingwea_ndomoni",3,"Rural",26,5,54,2014,34
"nachingwea_ndomoni",4,"Rural",22,2,69,2015,30
"nachingwea_ndomoni",5,"Rural",6,3,83,2016,44
"nachingwea_ruponda",3,"Rural",81,20,54,2014,198
"nachingwea_ruponda",4,"Rural",77,18,69,2015,156
"nachingwea_ruponda",5,"Rural",13,19,83,2016,148
"nachingwea_stesheni",3,"Rural",37,7,54,2014,131
"nachingwea_stesheni",4,"Rural",52,13,69,2015,121
"nachingwea_stesheni",5,"Rural",51,19,83,2016,110
"nanyumbu_chipuputa",3,"Rural",7,3,54,2014,48
"nanyumbu_chipuputa",4,"Rural",19,12,68,2015,42
"nanyumbu_chipuputa",5,"Rural",26,22,83,2016,53
"nanyumbu_likokona",3,"Rural",18,1,54,2014,42
"nanyumbu_likokona",4,"Rural",13,3,68,2015,57
"nanyumbu_likokona",5,"Rural",15,15,83,2016,50
"nanyumbu_lumesule",3,"Rural",20,0,54,2014,19
"nanyumbu_lumesule",4,"Rural",9,0,68,2015,65
"nanyumbu_lumesule",5,"Rural",35,11,83,2016,64
"nanyumbu_mangaka",3,"Rural",23,17,54,2014,98
"nanyumbu_mangaka",4,"Rural",40,15,68,2015,82
"nanyumbu_mangaka",5,"Rural",20,20,83,2016,84
"nanyumbu_maratani",3,"Rural",16,7,54,2014,68
"nanyumbu_maratani",4,"Rural",11,10,68,2015,74
"nanyumbu_masuguru",4,"Rural",30,20,68,2015,51
"nanyumbu_masuguru",5,"Rural",34,6,83,2016,66
"nanyumbu_mikangaula",3,"Rural",16,7,54,2014,101
"nanyumbu_mikangaula",4,"Rural",38,16,68,2015,98
"nanyumbu_mikangaula",5,"Rural",23,11,83,2016,105
"nanyumbu_mkonona",3,"Rural",20,13,54,2014,84
"nanyumbu_mkonona",4,"Rural",61,35,68,2015,58
"nanyumbu_mkonona",5,"Rural",26,4,83,2016,146
"nanyumbu_mnanje",3,"Rural",36,8,54,2014,74
"nanyumbu_mnanje",4,"Rural",15,12,68,2015,43
"nanyumbu_mnanje",5,"Rural",12,7,83,2016,36
"nanyumbu_nandete",3,"Rural",31,11,54,2014,125
"nanyumbu_nandete",4,"Rural",22,16,68,2015,75
"nanyumbu_nandete",5,"Rural",11,10,83,2016,75
"nanyumbu_nangomba",3,"Rural",7,11,54,2014,112
"nanyumbu_nangomba",4,"Rural",46,13,68,2015,95
"nanyumbu_nangomba",5,"Rural",22,9,83,2016,77
"nanyumbu_nanyumbu",3,"Rural",7,1,54,2014,145
"nanyumbu_nanyumbu",4,"Rural",60,27,68,2015,92
"nanyumbu_nanyumbu",5,"Rural",47,11,83,2016,146
"nanyumbu_napacho",3,"Rural",27,0,54,2014,95
"nanyumbu_napacho",5,"Rural",14,11,83,2016,74
"nanyumbu_sengenya",3,"Rural",56,52,54,2014,204
"nanyumbu_sengenya",4,"Rural",79,38,68,2015,163
"nanyumbu_sengenya",5,"Rural",42,19,83,2016,133
"newala_chihangu",3,"Rural",11,12,55,2014,52
"newala_chihangu",4,"Rural",8,5,68,2015,42
"newala_chihangu",5,"Rural",10,9,83,2016,44
"newala_chilangala",3,"Rural",28,14,55,2014,82
"newala_chilangala",4,"Rural",24,23,68,2015,73
"newala_chilangala",5,"Rural",0,2,83,2016,37
"newala_chitekete",3,"Rural",4,21,55,2014,24
"newala_chitekete",4,"Rural",3,3,68,2015,8
"newala_chiwonga",3,"Rural",11,14,55,2014,24
"newala_chiwonga",5,"Rural",0,0,83,2016,5
"newala_kitangari",3,"Rural",33,37,55,2014,119
"newala_kitangari",4,"Rural",6,2,68,2015,6
"newala_kitangari",5,"Rural",2,0,83,2016,9
"newala_luchindu",4,"Rural",26,5,68,2015,156
"newala_luchindu",5,"Rural",7,1,83,2016,92
"newala_makonga",3,"Rural",16,8,55,2014,30
"newala_makote",3,"Rural",1,2,55,2014,62
"newala_makote",4,"Rural",11,4,68,2015,10
"newala_makote",5,"Rural",1,0,83,2016,2
"newala_malatu",3,"Rural",47,11,55,2014,24
"newala_malatu",4,"Rural",2,4,68,2015,28
"newala_malatu",5,"Rural",18,4,83,2016,24
"newala_maputi",3,"Rural",11,13,55,2014,31
"newala_maputi",4,"Rural",9,4,68,2015,8
"newala_maputi",5,"Rural",7,0,83,2016,15
"newala_mchemo",3,"Rural",13,11,55,2014,23
"newala_mchemo",5,"Rural",0,0,83,2016,2
"newala_mcholii",3,"Rural",20,21,55,2014,22
"newala_mcholii",4,"Rural",11,3,68,2015,13
"newala_mcholiii",3,"Rural",8,15,55,2014,16
"newala_mcholiii",4,"Rural",6,2,68,2015,3
"newala_mcholiii",5,"Rural",0,3,83,2016,3
"newala_mdimbampelempele",4,"Rural",7,1,68,2015,12
"newala_mkomaii",3,"Rural",11,13,55,2014,65
"newala_mkomaii",4,"Rural",11,4,68,2015,41
"newala_mkomaii",5,"Rural",14,0,83,2016,43
"newala_mkunya",3,"Rural",5,12,55,2014,78
"newala_mkunya",4,"Rural",2,3,68,2015,17
"newala_mkunya",5,"Rural",2,0,83,2016,17
"newala_mkwedu",4,"Rural",0,2,68,2015,3
"newala_mnekachi",4,"Rural",8,4,68,2015,17
"newala_mnekachi",5,"Rural",1,7,83,2016,24
"newala_mnyambe",3,"Rural",15,7,55,2014,85
"newala_mnyambe",4,"Rural",16,5,68,2015,174
"newala_mnyambe",5,"Rural",40,16,83,2016,202
"newala_mtonya",4,"Rural",18,6,68,2015,31
"newala_mtonya",5,"Rural",5,0,83,2016,22
"newala_nakahako",3,"Rural",17,19,55,2014,12
"newala_nambali",3,"Rural",6,5,55,2014,122
"newala_nambali",4,"Rural",6,0,68,2015,29
"newala_nambali",5,"Rural",16,0,83,2016,58
"newala_namiyonga",3,"Rural",15,5,55,2014,48
"newala_namiyonga",4,"Rural",9,1,68,2015,19
"newala_nandwahi",3,"Rural",7,9,55,2014,19
"newala_nandwahi",5,"Rural",0,0,83,2016,15
"newala_nanguruwe",3,"Rural",6,16,55,2014,169
"newala_nanguruwe",4,"Rural",62,30,68,2015,57
"newala_nanguruwe",5,"Rural",4,0,83,2016,36
"ruangwa_chibula",3,"Rural",5,13,54,2014,34
"ruangwa_chibula",4,"Rural",36,2,69,2015,41
"ruangwa_chibula",5,"Rural",31,11,83,2016,90
"ruangwa_chienjele",3,"Rural",14,11,54,2014,117
"ruangwa_chienjele",4,"Rural",44,20,69,2015,147
"ruangwa_chienjele",5,"Rural",32,10,83,2016,143
"ruangwa_chinongwe",3,"Rural",30,23,54,2014,98
"ruangwa_chinongwe",4,"Rural",49,16,69,2015,119
"ruangwa_chinongwe",5,"Rural",48,10,83,2016,102
"ruangwa_chunyu",3,"Rural",20,15,54,2014,41
"ruangwa_chunyu",4,"Rural",6,4,69,2015,31
"ruangwa_chunyu",5,"Rural",28,2,83,2016,49
"ruangwa_likunja",3,"Rural",42,24,54,2014,77
"ruangwa_likunja",4,"Rural",56,35,69,2015,95
"ruangwa_likunja",5,"Rural",28,17,83,2016,90
"ruangwa_luchelegwa",3,"Rural",16,10,54,2014,62
"ruangwa_luchelegwa",4,"Rural",31,12,69,2015,58
"ruangwa_luchelegwa",5,"Rural",13,3,83,2016,86
"ruangwa_makanjiro",3,"Rural",28,2,54,2014,43
"ruangwa_makanjiro",4,"Rural",32,4,69,2015,23
"ruangwa_makanjiro",5,"Rural",0,0,83,2016,56
"ruangwa_malolo",3,"Rural",76,24,54,2014,98
"ruangwa_malolo",4,"Rural",128,38,69,2015,135
"ruangwa_malolo",5,"Rural",89,21,83,2016,135
"ruangwa_mandarawe",3,"Rural",2,4,54,2014,16
"ruangwa_mandarawe",4,"Rural",10,21,69,2015,16
"ruangwa_mandarawe",5,"Rural",12,8,83,2016,50
"ruangwa_mandawa",3,"Rural",4,12,54,2014,35
"ruangwa_mandawa",4,"Rural",4,4,69,2015,76
"ruangwa_mandawa",5,"Rural",56,11,83,2016,90
"ruangwa_matambarale",3,"Rural",27,17,54,2014,42
"ruangwa_matambarale",4,"Rural",74,33,69,2015,102
"ruangwa_matambarale",5,"Rural",50,11,83,2016,100
"ruangwa_mbekenyera",3,"Rural",56,31,54,2014,118
"ruangwa_mbekenyera",4,"Rural",92,37,69,2015,99
"ruangwa_mbekenyera",5,"Rural",59,29,83,2016,114
"ruangwa_mnacho",3,"Rural",30,7,54,2014,66
"ruangwa_mnacho",4,"Rural",55,11,69,2015,96
"ruangwa_mnacho",5,"Rural",21,11,83,2016,36
"ruangwa_nachingwea",3,"Rural",21,7,54,2014,43
"ruangwa_nachingwea",4,"Rural",3,8,69,2015,43
"ruangwa_nambilanje",4,"Rural",4,8,69,2015,37
"ruangwa_nambilanje",5,"Rural",76,29,83,2016,157
"ruangwa_namichiga",4,"Rural",20,3,69,2015,20
"ruangwa_namichiga",5,"Rural",0,0,83,2016,17
"ruangwa_nandagala",3,"Rural",38,14,54,2014,42
"ruangwa_nandagala",4,"Rural",33,9,69,2015,42
"ruangwa_nandagala",5,"Rural",18,11,83,2016,50
"ruangwa_nanganga",3,"Rural",53,11,54,2014,47
"ruangwa_nanganga",4,"Rural",36,17,69,2015,44
"ruangwa_nanganga",5,"Rural",34,2,83,2016,46
"ruangwa_narungombe",3,"Rural",21,14,54,2014,88
"ruangwa_narungombe",4,"Rural",9,5,69,2015,86
"ruangwa_narungombe",5,"Rural",43,18,83,2016,117
"ruangwa_nkowe",4,"Rural",32,8,69,2015,43
"ruangwa_nkowe",5,"Rural",20,9,83,2016,29
"ruangwa_ruangwa",3,"Rural",7,10,54,2014,23
"ruangwa_ruangwa",4,"Rural",62,18,69,2015,56
"ruangwa_ruangwa",5,"Rural",28,5,83,2016,40
"rufiji_bungu",3,"Rural",17,25,48,2013,28
"rufiji_bungu",5,"Rural",3,0,83,2016,61
"rufiji_chemchem",3,"Rural",12,7,48,2013,66
"rufiji_chemchem",5,"Rural",0,0,83,2016,8
"rufiji_chumbi",3,"Rural",43,22,48,2013,523
"rufiji_chumbi",5,"Rural",10,3,83,2016,365
"rufiji_dimani",3,"Rural",19,7,48,2013,27
"rufiji_dimani",5,"Rural",2,0,83,2016,39
"rufiji_ikwiriri",3,"Rural",25,6,48,2013,64
"rufiji_ikwiriri",5,"Rural",0,0,83,2016,72
"rufiji_kibiti",3,"Rural",14,6,48,2013,20
"rufiji_kibiti",5,"Rural",6,0,83,2016,60
"rufiji_mahege",5,"Rural",2,0,83,2016,10
"rufiji_maparoni",5,"Rural",2,0,83,2016,80
"rufiji_mbuchi",3,"Rural",3,9,48,2013,151
"rufiji_mbuchi",5,"Rural",2,2,83,2016,169
"rufiji_mbwara",3,"Rural",7,2,48,2013,111
"rufiji_mbwara",5,"Rural",1,0,83,2016,183
"rufiji_mchukwi",5,"Rural",1,1,83,2016,50
"rufiji_mgomba",3,"Rural",4,3,48,2013,43
"rufiji_mgomba",5,"Rural",0,0,83,2016,85
"rufiji_mjawa",3,"Rural",17,11,48,2013,26
"rufiji_mjawa",5,"Rural",2,0,83,2016,64
"rufiji_mkongo",3,"Rural",6,17,48,2013,41
"rufiji_mkongo",5,"Rural",4,0,83,2016,139
"rufiji_mlanzi",3,"Rural",6,6,48,2013,9
"rufiji_mlanzi",5,"Rural",0,0,83,2016,20
"rufiji_mtawanya",3,"Rural",14,11,48,2013,15
"rufiji_mtawanya",5,"Rural",0,1,83,2016,39
"rufiji_mtunda",3,"Rural",5,7,48,2013,115
"rufiji_mtunda",5,"Rural",12,0,83,2016,168
"rufiji_mwambao",3,"Rural",29,30,48,2013,16
"rufiji_mwambao",5,"Rural",2,0,83,2016,54
"rufiji_mwaseni",5,"Rural",0,0,83,2016,2
"rufiji_ngarambe",5,"Rural",7,2,83,2016,7
"rufiji_ngorongo",3,"Rural",39,26,48,2013,100
"rufiji_ngorongo",5,"Rural",3,1,83,2016,15
"rufiji_ruaruke",3,"Rural",6,0,48,2013,20
"rufiji_ruaruke",5,"Rural",6,0,83,2016,39
"rufiji_salale",3,"Rural",3,1,48,2013,62
"rufiji_salale",5,"Rural",6,3,83,2016,76
"rufiji_umwe",3,"Rural",1,3,48,2013,74
"rufiji_umwe",5,"Rural",0,1,83,2016,66
"rufiji_utete",3,"Rural",0,1,48,2013,68
"rufiji_utete",5,"Rural",1,0,83,2016,48
"tandahimba_chaume",3,"Rural",11,1,54,2014,21
"tandahimba_chaume",4,"Rural",21,9,68,2015,24
"tandahimba_chikongola",3,"Rural",4,2,54,2014,2
"tandahimba_chikongola",4,"Rural",0,5,68,2015,3
"tandahimba_chingungwe",3,"Rural",20,7,54,2014,42
"tandahimba_chingungwe",4,"Rural",33,8,68,2015,47
"tandahimba_dinduma",3,"Rural",2,1,54,2014,12
"tandahimba_dinduma",4,"Rural",6,6,68,2015,15
"tandahimba_kitama",3,"Rural",7,3,54,2014,39
"tandahimba_kitama",4,"Rural",30,4,68,2015,78
"tandahimba_kwanyama",3,"Rural",1,0,54,2014,1
"tandahimba_litehu",3,"Rural",15,4,54,2014,38
"tandahimba_litehu",4,"Rural",14,3,68,2015,38
"tandahimba_luagala",3,"Rural",20,19,54,2014,69
"tandahimba_luagala",4,"Rural",62,23,68,2015,59
"tandahimba_lukokoda",4,"Rural",2,3,68,2015,6
"tandahimba_lyenje",3,"Rural",8,1,54,2014,27
"tandahimba_lyenje",4,"Rural",4,3,68,2015,28
"tandahimba_mahuta",3,"Rural",6,1,54,2014,6
"tandahimba_mahuta",4,"Rural",5,5,68,2015,1
"tandahimba_maundo",3,"Rural",21,1,54,2014,36
"tandahimba_maundo",4,"Rural",16,0,68,2015,52
"tandahimba_mchichira",3,"Rural",27,5,54,2014,30
"tandahimba_mchichira",4,"Rural",12,8,68,2015,21
"tandahimba_mdimbamnyoma",3,"Rural",6,0,54,2014,16
"tandahimba_mdimbamnyoma",4,"Rural",8,4,68,2015,19
"tandahimba_mdumbwe",3,"Rural",12,3,54,2014,20
"tandahimba_mdumbwe",4,"Rural",27,2,68,2015,25
"tandahimba_michenjele",3,"Rural",20,12,54,2014,42
"tandahimba_michenjele",4,"Rural",12,5,68,2015,50
"tandahimba_mihambwe",3,"Rural",2,0,54,2014,16
"tandahimba_mihambwe",4,"Rural",7,3,68,2015,35
"tandahimba_milingodi",3,"Rural",5,2,54,2014,27
"tandahimba_miuta",3,"Rural",0,2,54,2014,5
"tandahimba_miuta",4,"Rural",12,0,68,2015,23
"tandahimba_mkonjowano",3,"Rural",34,1,54,2014,68
"tandahimba_mkonjowano",4,"Rural",14,4,68,2015,36
"tandahimba_mkoreha",3,"Rural",0,4,54,2014,5
"tandahimba_mkoreha",4,"Rural",4,8,68,2015,1
"tandahimba_mkundi",3,"Rural",11,10,54,2014,28
"tandahimba_mkundi",4,"Rural",11,5,68,2015,12
"tandahimba_mkwiti",4,"Rural",5,2,68,2015,38
"tandahimba_mnyawa",3,"Rural",5,3,54,2014,37
"tandahimba_mnyawa",4,"Rural",19,11,68,2015,31
"tandahimba_nambahu",3,"Rural",12,0,54,2014,26
"tandahimba_nambahu",4,"Rural",3,5,68,2015,20
"tandahimba_namikupa",3,"Rural",1,0,54,2014,1
"tandahimba_namikupa",4,"Rural",2,1,68,2015,4
"tandahimba_nanhyanga",3,"Rural",7,0,54,2014,24
"tandahimba_nanhyanga",4,"Rural",7,14,68,2015,21
"tandahimba_naputa",3,"Rural",3,5,54,2014,8
"tandahimba_naputa",4,"Rural",6,11,68,2015,4
"tandahimba_tandahimba",3,"Rural",13,0,54,2014,54
"tandahimba_tandahimba",4,"Rural",18,0,68,2015,36
"temeke_buza",4,"Urban",0,0,62,2015,64
"temeke_chamazi",4,"Urban",0,0,62,2015,54
"temeke_chamazi",5,"Urban",5,8,84,2016,270
"temeke_changombe",4,"Urban",0,0,62,2015,43
"temeke_changombe",5,"Urban",7,11,84,2016,50
"temeke_charambe",4,"Urban",0,2,62,2015,43
"temeke_charambe",5,"Urban",0,0,84,2016,10
"temeke_keko",4,"Urban",3,6,62,2015,33
"temeke_keko",5,"Urban",7,3,84,2016,72
"temeke_kibada",4,"Urban",4,0,62,2015,43
"temeke_kiburugwa",4,"Urban",2,0,62,2015,26
"temeke_kiburugwa",5,"Urban",24,6,84,2016,132
"temeke_kigamboni",4,"Urban",10,1,62,2015,33
"temeke_kijichi",4,"Urban",3,0,62,2015,88
"temeke_kijichi",5,"Urban",0,2,84,2016,159
"temeke_kilakala",4,"Urban",3,0,62,2015,78
"temeke_kilakala",5,"Urban",11,4,84,2016,78
"temeke_kimbiji",4,"Urban",28,18,62,2015,55
"temeke_kisaraweii",4,"Urban",0,4,62,2015,53
"temeke_makangarawe",4,"Urban",7,1,62,2015,81
"temeke_mbagala",4,"Urban",4,11,62,2015,124
"temeke_mbagalakuu",4,"Urban",4,0,62,2015,121
"temeke_mbagalakuu",5,"Urban",20,5,84,2016,87
"temeke_mianzini",4,"Urban",9,8,62,2015,48
"temeke_mianzini",5,"Urban",1,1,84,2016,138
"temeke_mjimwema",4,"Urban",14,7,62,2015,107
"temeke_mjimwema",5,"Urban",6,9,84,2016,233
"temeke_pembamnazi",4,"Urban",1,1,62,2015,195
"temeke_pembamnazi",5,"Urban",51,16,84,2016,279
"temeke_sandali",4,"Urban",4,4,62,2015,56
"temeke_sandali",5,"Urban",2,2,84,2016,33
"temeke_somangila",5,"Urban",3,6,84,2016,315
"temeke_toangoma",4,"Urban",3,7,62,2015,86
"temeke_toangoma",5,"Urban",15,11,84,2016,197
"temeke_tungi",4,"Urban",3,3,62,2015,164
"temeke_tungi",5,"Urban",1,0,84,2016,91
"temeke_vijibweni",4,"Urban",2,2,62,2015,226
"temeke_vijibweni",5,"Urban",4,2,84,2016,254
"temeke_yombovituka",4,"Urban",3,10,62,2015,169
"temeke_yombovituka",5,"Urban",5,4,84,2016,152
"ulanga_biro",4,"Rural",56,43,60,2014,322
"ulanga_biro",5,"Rural",22,11,84,2016,409
"ulanga_chirombola",4,"Rural",18,19,60,2014,131
"ulanga_chirombola",5,"Rural",16,11,84,2016,114
"ulanga_euga",4,"Rural",23,9,60,2014,83
"ulanga_euga",5,"Rural",47,23,84,2016,93
"ulanga_ilonga",4,"Rural",70,30,60,2014,415
"ulanga_ilonga",5,"Rural",83,34,84,2016,350
"ulanga_iragua",4,"Rural",35,31,60,2014,557
"ulanga_iragua",5,"Rural",71,25,84,2016,913
"ulanga_isongo",4,"Rural",59,31,60,2014,382
"ulanga_isongo",5,"Rural",42,25,84,2016,346
"ulanga_itete",4,"Rural",53,18,60,2014,567
"ulanga_itete",5,"Rural",110,36,84,2016,688
"ulanga_kichangani",4,"Rural",73,27,60,2014,342
"ulanga_kichangani",5,"Rural",26,16,84,2016,566
"ulanga_kilosakwampepo",4,"Rural",49,24,60,2014,218
"ulanga_kilosakwampepo",5,"Rural",26,12,84,2016,207
"ulanga_lukande",4,"Rural",56,32,60,2014,253
"ulanga_lukande",5,"Rural",19,11,84,2016,235
"ulanga_lupiro",4,"Rural",103,53,60,2014,626
"ulanga_lupiro",5,"Rural",60,34,84,2016,789
"ulanga_mahenge",4,"Rural",31,28,60,2014,378
"ulanga_mahenge",5,"Rural",94,22,84,2016,388
"ulanga_malinyi",4,"Rural",123,49,60,2014,1493
"ulanga_malinyi",5,"Rural",96,33,84,2016,1081
"ulanga_mbuga",4,"Rural",27,19,60,2014,151
"ulanga_mbuga",5,"Rural",22,10,84,2016,135
"ulanga_minepa",4,"Rural",76,55,60,2014,460
"ulanga_minepa",5,"Rural",54,26,84,2016,703
"ulanga_msogezi",4,"Rural",54,45,60,2014,418
"ulanga_msogezi",5,"Rural",42,16,84,2016,365
"ulanga_mtimbira",4,"Rural",46,17,60,2014,467
"ulanga_mtimbira",5,"Rural",45,20,84,2016,452
"ulanga_mwaya",4,"Rural",41,27,60,2014,162
"ulanga_mwaya",5,"Rural",49,15,84,2016,139
"ulanga_ngoheranga",4,"Rural",72,63,60,2014,447
"ulanga_ngoheranga",5,"Rural",34,21,84,2016,329
"ulanga_ruaha",4,"Rural",56,23,60,2014,203
"ulanga_ruaha",5,"Rural",44,22,84,2016,172
"ulanga_sali",4,"Rural",27,10,60,2014,196
"ulanga_sali",5,"Rural",38,19,84,2016,120
"ulanga_sofi",4,"Rural",72,48,60,2014,456
"ulanga_sofi",5,"Rural",43,34,84,2016,583
"ulanga_usangule",4,"Rural",39,16,60,2014,207
"ulanga_usangule",5,"Rural",33,14,84,2016,361
"ulanga_vigoi",4,"Rural",106,53,60,2014,711
"ulanga_vigoi",5,"Rural",89,37,84,2016,603
